,Election Date,Province,Riding,lat,lon,Results,Liberal,Conservative,NDP,Green,Bloc,Other
1,1995-02-13,Quebec,BROME--MISSISQUOI,45.189207,-72.5628566,[0.5102 0.0468 0.0099 0.0027 0.4216 0.0088],0.5102,0.0468,0.009899999999999999,0.0027,0.4216,0.008799999999999999
2,1995-02-13,Quebec,SAINT-HENRI--WESTMOUNT,45.4784602,-73.58461779999999,[0.7591 0.0606 0.0177 0.0128 0.1412 0.0085],0.7591,0.060599999999999994,0.0177,0.0128,0.1412,0.0085
3,1996-03-25,Quebec,LAC-SAINT-JEAN,48.58333595,-72.0048796541929,[0.2154 0.014  0.005  0.     0.7656 0.    ],0.21539999999999998,0.014,0.005,0,0.7656000000000001,0
4,1996-03-25,Quebec,PAPINEAU--SAINT-MICHEL,45.852553,-75.1414806,[0.592  0.034  0.0347 0.     0.3393 0.    ],0.5920000000000001,0.034,0.0347,0,0.3393,0
5,1996-03-25,Quebec,SAINT-LAURENT--CARTIERVILLE,45.5032702,-73.7254477,[0.7927 0.0424 0.0079 0.     0.1486 0.0085],0.7927,0.0424,0.0079,0,0.14859999999999998,0.0085
6,1997-06-02,Quebec,ABITIBI,48.717724100000005,-77.91427320000001,[0.4375 0.17   0.0237 0.     0.3689 0.    ],0.4375,0.17,0.023700000000000002,0,0.3689,0
7,1997-06-02,Quebec,AHUNTSIC,45.55930765,-73.6527016506777,[0.4925 0.1618 0.0179 0.     0.3177 0.01  ],0.4925,0.1618,0.0179,0,0.3177,0.01
8,1997-06-02,Quebec,ANJOU--RIVIÈRE-DES-PRAIRIES,45.6182795,-73.59617259999999,[0.4731 0.1839 0.0147 0.     0.3238 0.0044],0.4731,0.1839,0.0147,0,0.32380000000000003,0.0044
9,1997-06-02,Quebec,ARGENTEUIL--PAPINEAU,45.6945241,-74.4707874,[0.3402 0.2154 0.0161 0.     0.4087 0.0195],0.34020000000000006,0.21539999999999998,0.0161,0,0.40869999999999995,0.0195
10,1997-06-02,Quebec,BEAUCE,46.4801868,-70.988292,[0.491  0.208  0.0163 0.     0.266  0.0187],0.491,0.20800000000000002,0.0163,0,0.266,0.0187
11,1997-06-02,Quebec,BEAUHARNOIS--SALABERRY,45.313977799999996,-73.875834,[0.3346 0.2556 0.0127 0.     0.3972 0.    ],0.3346,0.2556,0.0127,0,0.3972,0
12,1997-06-02,Quebec,BEAUPORT--MONTMORENCY--ORLÉANS,46.8594456,-71.19324959999999,[0.271  0.2737 0.0173 0.     0.4299 0.0082],0.271,0.2737,0.0173,0,0.4299,0.008199999999999999
13,1997-06-02,Quebec,BELLECHASSE--ETCHEMINS--MONTMAGNY--L'ISLET,46.6812885,-70.7482234,[0.3347 0.3193 0.0123 0.     0.3336 0.    ],0.3347,0.31930000000000003,0.0123,0,0.3336,0
14,1997-06-02,Quebec,BERTHIER--MONTCALM,46.0886062,-73.20830409999999,[0.2426 0.2147 0.0162 0.     0.5265 0.    ],0.2426,0.2147,0.016200000000000003,0,0.5265,0
15,1997-06-02,Quebec,BONAVENTURE--GASPÉ--ÎLES-DE-LA-MADELEINE--PABOK,48.0444351,-65.4925807,[0.408  0.1626 0.0168 0.     0.4126 0.    ],0.408,0.16260000000000002,0.0168,0,0.41259999999999997,0
16,1997-06-02,Quebec,BOURASSA,45.5544766,-73.66815150000001,[0.5221 0.1304 0.0219 0.     0.3255 0.    ],0.5221,0.1304,0.0219,0,0.32549999999999996,0
17,1997-06-02,Quebec,BROME--MISSISQUOI,45.189207,-72.5628566,[0.4237 0.2809 0.0172 0.     0.2783 0.    ],0.42369999999999997,0.2809,0.0172,0,0.2783,0
18,1997-06-02,Quebec,BROSSARD--LA PRAIRIE,45.4554829,-73.46789040000002,[0.4664 0.1887 0.0171 0.     0.3278 0.    ],0.4664,0.1887,0.0171,0,0.32780000000000004,0
19,1997-06-02,Quebec,CHAMBLY,45.447389799999996,-73.2932002,[0.2655 0.2228 0.0188 0.     0.4929 0.    ],0.2655,0.2228,0.018799999999999997,0,0.4929,0
20,1997-06-02,Quebec,CHAMPLAIN,46.441406,-72.343941,[0.2747 0.2719 0.0134 0.     0.44   0.    ],0.2747,0.27190000000000003,0.0134,0,0.44,0
21,1997-06-02,Quebec,CHARLESBOURG,46.895861100000005,-71.2910300583245,[0.3144 0.2665 0.0172 0.     0.3845 0.0173],0.3144,0.2665,0.0172,0,0.3845,0.0173
22,1997-06-02,Quebec,CHARLEVOIX,47.64934470000001,-70.7362215,[0.2693 0.1764 0.0124 0.     0.5418 0.    ],0.2693,0.1764,0.0124,0,0.5418,0
23,1997-06-02,Quebec,CHÂTEAUGUAY,45.3619066,-73.7524319,[0.3364 0.195  0.0139 0.     0.4547 0.    ],0.33640000000000003,0.195,0.0139,0,0.4547,0
24,1997-06-02,Quebec,CHICOUTIMI,48.337024799999995,-71.1235261355927,[0.1137 0.4369 0.02   0.     0.4294 0.    ],0.1137,0.43689999999999996,0.02,0,0.4294,0
25,1997-06-02,Quebec,COMPTON--STANSTEAD,45.243228,-71.827927,[0.1998 0.446  0.0144 0.     0.3289 0.0108],0.1998,0.446,0.0144,0,0.3289,0.0108
26,1997-06-02,Quebec,DRUMMOND,45.865091299999996,-72.45271059999999,[0.2312 0.3361 0.01   0.     0.4226 0.    ],0.23120000000000002,0.3361,0.01,0,0.4226,0
27,1997-06-02,Quebec,FRONTENAC--MÉGANTIC,44.6102902,-76.6330415,[0.359  0.2541 0.0065 0.     0.371  0.0094],0.359,0.2541,0.006500000000000001,0,0.371,0.009399999999999999
28,1997-06-02,Quebec,GATINEAU,45.457240999999996,-75.723267,[0.4642 0.2897 0.018  0.     0.209  0.0192],0.4642,0.2897,0.018000000000000002,0,0.209,0.0192
29,1997-06-02,Quebec,HOCHELAGA--MAISONNEUVE,45.540386100000006,-73.5415414291866,[0.3421 0.1591 0.0173 0.     0.4602 0.0214],0.3421,0.1591,0.0173,0,0.46020000000000005,0.021400000000000002
30,1997-06-02,Quebec,HULL--AYLMER,45.437163700000006,-75.7241942,[0.5411 0.1968 0.0276 0.0123 0.2078 0.0146],0.5411,0.1968,0.0276,0.0123,0.2078,0.0146
31,1997-06-02,Quebec,JOLIETTE,46.0528409,-73.4617483,[0.1534 0.3586 0.0103 0.     0.4654 0.0122],0.1534,0.3586,0.0103,0,0.4654,0.012199999999999999
32,1997-06-02,Quebec,JONQUIÈRE,48.413538700000004,-71.25392459999999,[0.1442 0.3494 0.0104 0.     0.4857 0.0103],0.1442,0.3494,0.0104,0,0.4857,0.0103
33,1997-06-02,Quebec,KAMOURASKA--RIVIÈRE-DU-LOUP--TÉMISCOUATA--LES BASQUES,47.468099200000005,-69.7909498,[0.3271 0.2693 0.0097 0.     0.3827 0.0111],0.3271,0.2693,0.0097,0,0.38270000000000004,0.0111
34,1997-06-02,Quebec,LAC-SAINT-JEAN,48.58333595,-72.0048796541929,[0.21   0.1431 0.0116 0.     0.6353 0.    ],0.21,0.1431,0.0116,0,0.6353,0
35,1997-06-02,Quebec,LAC-SAINT-LOUIS,45.38068955,-73.83285544040109,[0.6902 0.2081 0.0251 0.     0.0704 0.0063],0.6901999999999999,0.20809999999999998,0.025099999999999997,0,0.0704,0.0063
36,1997-06-02,Quebec,LASALLE--ÉMARD,45.4325141,-73.6292667,[0.6087 0.1214 0.0173 0.     0.244  0.0085],0.6087,0.12140000000000001,0.0173,0,0.244,0.0085
37,1997-06-02,Quebec,LAURENTIDES,46.6070866,-75.12097820758079,[0.3042 0.225  0.0135 0.     0.4573 0.    ],0.3042,0.225,0.013500000000000002,0,0.4573,0
38,1997-06-02,Quebec,LAURIER--SAINTE-MARIE,46.770621399999996,-71.28463173489459,[0.2296 0.1196 0.0449 0.024  0.5465 0.0353],0.2296,0.11960000000000001,0.0449,0.024,0.5465,0.0353
39,1997-06-02,Quebec,LAVAL CENTRE,45.60558895,-73.7344173056906,[0.3535 0.2295 0.0208 0.     0.3962 0.    ],0.35350000000000004,0.22949999999999998,0.0208,0,0.3962,0
40,1997-06-02,Quebec,LAVAL EAST,45.60558895,-73.7344173056906,[0.3211 0.2816 0.0127 0.     0.3846 0.    ],0.3211,0.2816,0.0127,0,0.3846,0
41,1997-06-02,Quebec,LAVAL WEST,45.3477001,-73.72444619031471,[0.489  0.1916 0.0166 0.     0.3028 0.    ],0.489,0.1916,0.0166,0,0.3028,0
42,1997-06-02,Quebec,LÉVIS,46.7910096,-71.17532740000001,[0.28   0.2374 0.0305 0.     0.4522 0.    ],0.28,0.23739999999999997,0.0305,0,0.4522,0
43,1997-06-02,Quebec,LONGUEUIL,45.5172382,-73.44674659999998,[0.2909 0.1862 0.0205 0.     0.5024 0.    ],0.2909,0.1862,0.020499999999999997,0,0.5024000000000001,0
44,1997-06-02,Quebec,LOTBINIÈRE,46.5473036,-71.52394509999999,[0.2854 0.2749 0.0126 0.     0.3707 0.0564],0.2854,0.2749,0.0126,0,0.37070000000000003,0.0564
45,1997-06-02,Quebec,LOUIS-HÉBERT,45.5455196,-73.59288215010329,[0.3362 0.2364 0.0196 0.     0.3985 0.0094],0.3362,0.2364,0.0196,0,0.3985,0.009399999999999999
46,1997-06-02,Quebec,MANICOUAGAN,50.43566920000001,-68.7676678,[0.4116 0.0775 0.0402 0.     0.4707 0.    ],0.41159999999999997,0.0775,0.04019999999999999,0,0.4707,0
47,1997-06-02,Quebec,MATAPÉDIA--MATANE,48.4079152,-67.1141862,[0.3013 0.2281 0.0119 0.     0.4479 0.0108],0.3013,0.2281,0.011899999999999999,0,0.44789999999999996,0.0108
48,1997-06-02,Quebec,MERCIER,45.310444,-73.746051,[0.2912 0.1761 0.016  0.     0.5106 0.0062],0.2912,0.1761,0.016,0,0.5106,0.0062
49,1997-06-02,Quebec,MOUNT ROYAL,45.5086157,-73.5903112,[0.6226 0.1035 0.02   0.     0.041  0.213 ],0.6225999999999999,0.1035,0.02,0,0.040999999999999995,0.213
50,1997-06-02,Quebec,NOTRE-DAME-DE-GRÂCE--LACHINE,45.4679674,-73.6289223,[0.5656 0.1979 0.0443 0.     0.1682 0.0241],0.5656,0.1979,0.0443,0,0.16820000000000002,0.0241
51,1997-06-02,Quebec,OUTREMONT,45.5186167,-73.6068856,[0.5015 0.1221 0.0644 0.     0.2839 0.028 ],0.5015,0.12210000000000001,0.0644,0,0.2839,0.028
52,1997-06-02,Quebec,PAPINEAU--SAINT-DENIS,45.852553,-75.1414806,[0.539  0.1278 0.0245 0.     0.2891 0.0196],0.539,0.1278,0.0245,0,0.2891,0.0196
53,1997-06-02,Quebec,PIERREFONDS--DOLLARD,45.4955083,-73.84717490000001,[0.6643 0.2017 0.0183 0.     0.1077 0.008 ],0.6643000000000001,0.20170000000000002,0.0183,0,0.10769999999999999,0.008
54,1997-06-02,Quebec,PONTIAC--GATINEAU--LABELLE,46.5896034,-77.2781003,[0.4578 0.185  0.0221 0.     0.3201 0.015 ],0.4578,0.185,0.022099999999999998,0,0.3201,0.015
55,1997-06-02,Quebec,PORTNEUF,46.9943379,-72.0055843,[0.2948 0.2463 0.0259 0.     0.433  0.    ],0.2948,0.2463,0.0259,0,0.433,0
56,1997-06-02,Quebec,QUÉBEC,46.8259601,-71.23522259999999,[0.324  0.1849 0.0459 0.     0.4452 0.    ],0.324,0.18489999999999998,0.045899999999999996,0,0.44520000000000004,0
57,1997-06-02,Quebec,QUÉBEC EAST,46.8259601,-71.23522259999999,[0.314  0.2713 0.021  0.     0.3937 0.    ],0.314,0.2713,0.021,0,0.3937,0
58,1997-06-02,Quebec,REPENTIGNY,45.7326055,-73.4528307,[0.2113 0.2103 0.0155 0.     0.5629 0.    ],0.2113,0.21030000000000001,0.0155,0,0.5629,0
59,1997-06-02,Quebec,RICHELIEU,45.441899299999996,-73.25001929999999,[0.2891 0.1416 0.0213 0.     0.548  0.    ],0.2891,0.1416,0.0213,0,0.5479999999999999,0
60,1997-06-02,Quebec,RICHMOND--ARTHABASKA,45.6508566,-60.853368700000004,[0.2031 0.415  0.0123 0.     0.3697 0.    ],0.20309999999999997,0.415,0.0123,0,0.3697,0
61,1997-06-02,Quebec,RIMOUSKI--MITIS,48.450155,-68.52996800000001,[0.3022 0.2149 0.013  0.     0.47   0.    ],0.30219999999999997,0.21489999999999998,0.013000000000000001,0,0.47,0
62,1997-06-02,Quebec,ROBERVAL,48.514784999999996,-72.224808,[0.2628 0.2029 0.0132 0.     0.521  0.    ],0.26280000000000003,0.2029,0.0132,0,0.521,0
63,1997-06-02,Quebec,ROSEMONT,45.5315669,-73.59740759999998,[0.3218 0.1559 0.033  0.     0.4703 0.019 ],0.3218,0.1559,0.033,0,0.4703,0.019000000000000003
64,1997-06-02,Quebec,SAINT-BRUNO--SAINT-HUBERT,48.471930799999996,-71.653028,[0.3282 0.2009 0.0196 0.     0.4513 0.    ],0.3282,0.2009,0.0196,0,0.45130000000000003,0
65,1997-06-02,Quebec,SAINT-EUSTACHE--SAINTE-THÉRÈSE,45.5646052,-73.89297140000001,[0.293  0.2254 0.017  0.     0.4645 0.    ],0.293,0.2254,0.017,0,0.4645,0
66,1997-06-02,Quebec,SAINT-HYACINTHE--BAGOT,45.627484,-72.940636,[0.2229 0.3315 0.0164 0.     0.4291 0.    ],0.2229,0.33149999999999996,0.016399999999999998,0,0.4291,0
67,1997-06-02,Quebec,SAINT-JEAN,46.920618700000006,-70.89023979999999,[0.2717 0.245  0.0155 0.     0.4606 0.0071],0.2717,0.245,0.0155,0,0.4606,0.0070999999999999995
68,1997-06-02,Quebec,SAINT-LAMBERT,45.5016203,-73.51029809999999,[0.4118 0.1713 0.0195 0.     0.391  0.0064],0.4118,0.17129999999999998,0.0195,0,0.391,0.0064
69,1997-06-02,Quebec,SAINT-LAURENT--CARTIERVILLE,45.5032702,-73.7254477,[0.7014 0.1529 0.0184 0.     0.1272 0.    ],0.7014,0.1529,0.0184,0,0.1272,0
70,1997-06-02,Quebec,SAINT-LÉONARD--SAINT-MICHEL,45.58671,-73.5969488,[0.6976 0.1158 0.0232 0.     0.1635 0.    ],0.6976,0.1158,0.0232,0,0.1635,0
71,1997-06-02,Quebec,SAINT-MAURICE,46.468841999999995,-72.531052,[0.473  0.0777 0.0104 0.     0.4389 0.    ],0.473,0.07769999999999999,0.0104,0,0.4389,0
72,1997-06-02,Quebec,SHEFFORD,45.364256299999994,-72.56455754861659,[0.2618 0.369  0.0109 0.     0.3582 0.    ],0.2618,0.369,0.0109,0,0.3582,0
73,1997-06-02,Quebec,SHERBROOKE,45.403271000000004,-71.889038,[0.0872 0.5953 0.0116 0.     0.2971 0.0088],0.0872,0.5953,0.0116,0,0.29710000000000003,0.0088
74,1997-06-02,Quebec,TÉMISCAMINGUE,47.0904528,-78.59246999999999,[0.319  0.1983 0.0165 0.     0.4662 0.    ],0.319,0.19829999999999998,0.0165,0,0.46619999999999995,0
75,1997-06-02,Quebec,TERREBONNE--BLAINVILLE,45.7081005,-73.6515157,[0.2636 0.2132 0.0196 0.     0.5036 0.    ],0.2636,0.2132,0.0196,0,0.5036,0
76,1997-06-02,Quebec,TROIS-RIVIÈRES,46.3507999,-72.5571257,[0.3133 0.2416 0.0105 0.     0.4246 0.01  ],0.31329999999999997,0.2416,0.0105,0,0.42460000000000003,0.01
77,1997-06-02,Quebec,VAUDREUIL--SOULANGES,45.3994227,-74.0514619,[0.45   0.1964 0.0102 0.     0.334  0.0093],0.45,0.1964,0.0102,0,0.33399999999999996,0.009300000000000001
78,1997-06-02,Quebec,VERCHÈRES,45.7727845,-73.35544200000001,[0.2272 0.2221 0.0134 0.     0.5374 0.    ],0.22719999999999999,0.22210000000000002,0.0134,0,0.5374,0
79,1997-06-02,Quebec,VERDUN--SAINT-HENRI,45.460389299999996,-73.56519250000001,[0.4693 0.1581 0.0253 0.     0.3319 0.0154],0.4693,0.15810000000000002,0.0253,0,0.3319,0.0154
80,1997-06-02,Quebec,WESTMOUNT--VILLE-MARIE,45.485732899999995,-73.5963951,[0.601  0.1739 0.0572 0.0167 0.1132 0.038 ],0.601,0.1739,0.0572,0.0167,0.11320000000000001,0.038
81,1998-09-14,Quebec,SHERBROOKE,45.403271000000004,-71.889038,[0.4369 0.0888 0.0198 0.007  0.4429 0.0047],0.43689999999999996,0.0888,0.019799999999999998,0.006999999999999999,0.4429,0.0047
82,1999-11-15,Quebec,HULL--AYLMER,45.437163700000006,-75.7241942,[0.5403 0.092  0.0769 0.0174 0.2548 0.0187],0.5403,0.092,0.07690000000000001,0.0174,0.2548,0.0187
83,1999-11-15,Quebec,MOUNT ROYAL,45.5086157,-73.5903112,[0.9198 0.0377 0.0202 0.     0.0224 0.    ],0.9198000000000001,0.0377,0.0202,0,0.022400000000000003,0
84,2000-11-27,Quebec,ABITIBI--BAIE-JAMES--NUNAVIK,48.717724100000005,-77.91427320000001,[0.4999 0.0578 0.0147 0.     0.4276 0.    ],0.4999,0.057800000000000004,0.0147,0,0.4276,0
85,2000-11-27,Quebec,AHUNTSIC,45.55930765,-73.6527016506777,[0.5389 0.091  0.0188 0.0211 0.3223 0.0079],0.5389,0.091,0.018799999999999997,0.021099999999999997,0.3223,0.0079
86,2000-11-27,Quebec,ANJOU--RIVIÈRE-DES-PRAIRIES,45.6182795,-73.59617259999999,[0.5786 0.083  0.0128 0.     0.3035 0.022 ],0.5786,0.08299999999999999,0.0128,0,0.3035,0.022
87,2000-11-27,Quebec,ARGENTEUIL--PAPINEAU--MIRABEL,45.6945241,-74.4707874,[0.4212 0.0944 0.0109 0.0144 0.432  0.027 ],0.42119999999999996,0.0944,0.0109,0.0144,0.43200000000000005,0.027000000000000003
88,2000-11-27,Quebec,BAS-RICHELIEU--NICOLET--BÉCANCOUR,45.876807299999996,-72.8837724,[0.3104 0.0906 0.0095 0.     0.5692 0.0203],0.3104,0.09059999999999999,0.0095,0,0.5692,0.0203
89,2000-11-27,Quebec,BEAUCE,46.4801868,-70.988292,[0.5601 0.1523 0.0094 0.     0.2651 0.0131],0.5600999999999999,0.1523,0.009399999999999999,0,0.2651,0.0131
90,2000-11-27,Quebec,BEAUHARNOIS--SALABERRY,45.313977799999996,-73.875834,[0.4826 0.0793 0.0142 0.     0.4239 0.    ],0.4826,0.07930000000000001,0.014199999999999999,0,0.4239,0
91,2000-11-27,Quebec,BEAUPORT--MONTMORENCY--CÔTE-DE- BEAUPRÉ--ÎLE-D'ORLÉANS,46.8594456,-71.19324959999999,[0.3643 0.1712 0.0169 0.     0.4155 0.0321],0.3643,0.1712,0.0169,0,0.4155,0.032100000000000004
92,2000-11-27,Quebec,BELLECHASSE--ETCHEMINS--MONTMAGNY--L'ISLET,46.6812885,-70.7482234,[0.4791 0.1465 0.     0.     0.3744 0.    ],0.47909999999999997,0.1465,0,0,0.37439999999999996,0
93,2000-11-27,Quebec,BERTHIER--MONTCALM,46.0886062,-73.20830409999999,[0.3005 0.0877 0.0148 0.     0.5706 0.0264],0.3005,0.0877,0.0148,0,0.5706,0.0264
94,2000-11-27,Quebec,BONAVENTURE--GASPÉ--ÎLES-DE-LA-MADELEINE--PABOK,48.0444351,-65.4925807,[0.5319 0.0212 0.017  0.     0.43   0.    ],0.5318999999999999,0.0212,0.017,0,0.43,0
95,2000-11-27,Quebec,BOURASSA,45.5544766,-73.66815150000001,[0.6222 0.0676 0.018  0.     0.2807 0.0115],0.6222,0.0676,0.018000000000000002,0,0.2807,0.011500000000000002
96,2000-11-27,Quebec,BROME--MISSISQUOI,45.189207,-72.5628566,[0.5026 0.1745 0.0112 0.     0.3117 0.    ],0.5025999999999999,0.1745,0.011200000000000002,0,0.31170000000000003,0
97,2000-11-27,Quebec,BROSSARD--LA PRAIRIE,45.4554829,-73.46789040000002,[0.5269 0.1131 0.0167 0.     0.3294 0.0138],0.5268999999999999,0.1131,0.0167,0,0.32939999999999997,0.0138
98,2000-11-27,Quebec,CHAMBLY,45.447389799999996,-73.2932002,[0.3331 0.1192 0.0147 0.     0.4994 0.0335],0.3331,0.1192,0.0147,0,0.49939999999999996,0.0335
99,2000-11-27,Quebec,CHAMPLAIN,46.441406,-72.343941,[0.4523 0.0576 0.0149 0.     0.4526 0.0226],0.4523,0.0576,0.0149,0,0.4526,0.0226
100,2000-11-27,Quebec,CHARLESBOURG--JACQUES-CARTIER,46.895861100000005,-71.2910300583245,[0.3685 0.2111 0.0175 0.0199 0.3829 0.    ],0.3685,0.2111,0.0175,0.0199,0.3829,0
101,2000-11-27,Quebec,CHARLEVOIX,47.64934470000001,-70.7362215,[0.2793 0.0918 0.0145 0.     0.6144 0.    ],0.2793,0.09179999999999999,0.014499999999999999,0,0.6144,0
102,2000-11-27,Quebec,CHÂTEAUGUAY,45.3619066,-73.7524319,[0.4118 0.0925 0.0112 0.     0.4712 0.0133],0.4118,0.0925,0.011200000000000002,0,0.47119999999999995,0.013300000000000001
103,2000-11-27,Quebec,CHICOUTIMI--LE FJORD,48.337024799999995,-71.1235261355927,[0.4824 0.048  0.0167 0.     0.3617 0.0911],0.4824,0.048,0.0167,0,0.3617,0.0911
104,2000-11-27,Quebec,COMPTON--STANSTEAD,45.243228,-71.827927,[0.4656 0.1177 0.0152 0.     0.3889 0.0125],0.4656,0.1177,0.0152,0,0.3889,0.0125
105,2000-11-27,Quebec,DRUMMOND,45.865091299999996,-72.45271059999999,[0.3421 0.1952 0.0101 0.     0.4527 0.    ],0.3421,0.19519999999999998,0.0101,0,0.45270000000000005,0
106,2000-11-27,Quebec,FRONTENAC--MÉGANTIC,44.6102902,-76.6330415,[0.4595 0.0874 0.0115 0.     0.4227 0.0188],0.4595,0.0874,0.0115,0,0.4227,0.018799999999999997
107,2000-11-27,Quebec,GATINEAU,45.457240999999996,-75.723267,[0.5145 0.1722 0.0349 0.     0.254  0.0244],0.5145000000000001,0.17220000000000002,0.0349,0,0.254,0.024399999999999998
108,2000-11-27,Quebec,HOCHELAGA--MAISONNEUVE,45.540386100000006,-73.5415414291866,[0.3738 0.0753 0.0178 0.     0.492  0.0411],0.3738,0.0753,0.0178,0,0.49200000000000005,0.0411
109,2000-11-27,Quebec,HULL--AYLMER,45.437163700000006,-75.7241942,[0.514  0.1796 0.0349 0.     0.2308 0.0407],0.514,0.17959999999999998,0.0349,0,0.23079999999999998,0.04069999999999999
110,2000-11-27,Quebec,JOLIETTE,46.0528409,-73.4617483,[0.3276 0.1141 0.024  0.     0.522  0.0124],0.3276,0.11410000000000001,0.024,0,0.522,0.0124
111,2000-11-27,Quebec,JONQUIÈRE,48.413538700000004,-71.25392459999999,[0.358  0.106  0.0352 0.     0.5007 0.    ],0.358,0.106,0.0352,0,0.5007,0
112,2000-11-27,Quebec,KAMOURASKA--RIVIÈRE-DU-LOUP--TÉMISCOUATA--LES BASQUES,47.468099200000005,-69.7909498,[0.3034 0.0709 0.0215 0.     0.5999 0.0044],0.3034,0.07089999999999999,0.0215,0,0.5999,0.0044
113,2000-11-27,Quebec,LAC-SAINT-JEAN--SAGUENAY,48.58333595,-72.0048796541929,[0.2331 0.064  0.0129 0.     0.6617 0.0282],0.23309999999999997,0.064,0.0129,0,0.6617000000000001,0.0282
114,2000-11-27,Quebec,LAC-SAINT-LOUIS,45.38068955,-73.83285544040109,[0.7416 0.1472 0.025  0.     0.0667 0.0196],0.7415999999999999,0.1472,0.025,0,0.0667,0.0196
115,2000-11-27,Quebec,LASALLE--ÉMARD,45.4325141,-73.6292667,[0.6575 0.0598 0.0172 0.     0.242  0.0235],0.6575,0.059800000000000006,0.0172,0,0.242,0.023500000000000004
116,2000-11-27,Quebec,LAURENTIDES,46.6070866,-75.12097820758079,[0.3885 0.0882 0.0118 0.     0.499  0.0125],0.3885,0.0882,0.0118,0,0.499,0.0125
117,2000-11-27,Quebec,LAURIER--SAINTE-MARIE,46.770621399999996,-71.28463173489459,[0.2575 0.0639 0.0475 0.0488 0.5279 0.0545],0.2575,0.06390000000000001,0.0475,0.048799999999999996,0.5279,0.05449999999999999
118,2000-11-27,Quebec,LAVAL CENTRE,45.60558895,-73.7344173056906,[0.4327 0.0952 0.0152 0.0235 0.4335 0.    ],0.43270000000000003,0.0952,0.0152,0.0235,0.4335,0
119,2000-11-27,Quebec,LAVAL EAST,45.60558895,-73.7344173056906,[0.4477 0.0828 0.0099 0.0114 0.4255 0.0228],0.44770000000000004,0.08280000000000001,0.009899999999999999,0.011399999999999999,0.4255,0.0228
120,2000-11-27,Quebec,LAVAL WEST,45.3477001,-73.72444619031471,[0.513  0.1332 0.0123 0.0159 0.3227 0.0029],0.513,0.1332,0.0123,0.0159,0.32270000000000004,0.0029
121,2000-11-27,Quebec,LÉVIS-ET-CHUTES-DE-LA-CHAUDIÈRE,46.7910096,-71.17532740000001,[0.3412 0.212  0.0224 0.     0.4185 0.0059],0.34119999999999995,0.21200000000000002,0.022400000000000003,0,0.41850000000000004,0.0059
122,2000-11-27,Quebec,LONGUEUIL,45.5172382,-73.44674659999998,[0.3253 0.107  0.0164 0.     0.5225 0.0288],0.32530000000000003,0.107,0.016399999999999998,0,0.5225,0.0288
123,2000-11-27,Quebec,LOTBINIÈRE--L'ÉRABLE,46.5473036,-71.52394509999999,[0.3735 0.1541 0.016  0.     0.4564 0.    ],0.3735,0.15410000000000001,0.016,0,0.45640000000000003,0
124,2000-11-27,Quebec,LOUIS-HÉBERT,45.5455196,-73.59288215010329,[0.4114 0.1923 0.0208 0.     0.3688 0.0066],0.4114,0.19230000000000003,0.0208,0,0.3688,0.0066
125,2000-11-27,Quebec,MANICOUAGAN,50.43566920000001,-68.7676678,[0.3568 0.0931 0.0177 0.     0.5324 0.    ],0.3568,0.0931,0.0177,0,0.5324,0
126,2000-11-27,Quebec,MATAPÉDIA--MATANE,48.4079152,-67.1141862,[0.4576 0.0463 0.0297 0.     0.4664 0.    ],0.4576,0.0463,0.0297,0,0.4664,0
127,2000-11-27,Quebec,MERCIER,45.310444,-73.746051,[0.3293 0.0708 0.0103 0.0387 0.5287 0.0222],0.3293,0.0708,0.0103,0.0387,0.5287,0.0222
128,2000-11-27,Quebec,MOUNT ROYAL,45.5086157,-73.5903112,[0.8124 0.0965 0.0254 0.0167 0.0427 0.0064],0.8123999999999999,0.0965,0.0254,0.0167,0.042699999999999995,0.0064
129,2000-11-27,Quebec,NOTRE-DAME-DE-GRÂCE--LACHINE,45.4679674,-73.6289223,[0.6072 0.1152 0.0473 0.0221 0.1811 0.027 ],0.6072,0.1152,0.0473,0.022099999999999998,0.18109999999999998,0.027
130,2000-11-27,Quebec,OUTREMONT,45.5186167,-73.6068856,[0.4768 0.1134 0.0558 0.0375 0.2829 0.0336],0.4768,0.1134,0.0558,0.0375,0.2829,0.0336
131,2000-11-27,Quebec,PAPINEAU--SAINT-DENIS,45.852553,-75.1414806,[0.541  0.0751 0.0448 0.0255 0.266  0.0476],0.541,0.0751,0.044800000000000006,0.0255,0.266,0.047599999999999996
132,2000-11-27,Quebec,PIERREFONDS--DOLLARD,45.4955083,-73.84717490000001,[0.7285 0.1198 0.0205 0.     0.1099 0.0213],0.7284999999999999,0.11979999999999999,0.020499999999999997,0,0.1099,0.0213
133,2000-11-27,Quebec,PONTIAC--GATINEAU--LABELLE,46.5896034,-77.2781003,[0.4536 0.1846 0.0185 0.0144 0.3206 0.0083],0.4536,0.18460000000000001,0.018500000000000003,0.0144,0.3206,0.0083
134,2000-11-27,Quebec,PORTNEUF,46.9943379,-72.0055843,[0.4078 0.2399 0.     0.     0.3523 0.    ],0.4078,0.2399,0,0,0.35229999999999995,0
135,2000-11-27,Quebec,QUÉBEC,46.8259601,-71.23522259999999,[0.3548 0.1362 0.0325 0.     0.4343 0.0423],0.35479999999999995,0.13620000000000002,0.0325,0,0.4343,0.042300000000000004
136,2000-11-27,Quebec,QUÉBEC EAST,46.8259601,-71.23522259999999,[0.3861 0.2181 0.0211 0.     0.3747 0.    ],0.3861,0.21810000000000002,0.021099999999999997,0,0.3747,0
137,2000-11-27,Quebec,REPENTIGNY,45.7326055,-73.4528307,[0.2688 0.1046 0.0143 0.     0.578  0.0343],0.2688,0.1046,0.0143,0,0.578,0.034300000000000004
138,2000-11-27,Quebec,RICHMOND--ARTHABASKA,45.6508566,-60.853368700000004,[0.2103 0.411  0.0064 0.     0.3647 0.0076],0.21030000000000001,0.41100000000000003,0.0064,0,0.36469999999999997,0.0076
139,2000-11-27,Quebec,RIMOUSKI-NEIGETTE-ET-LA MITIS,48.2742735,-68.509585,[0.2952 0.0733 0.0158 0.     0.5955 0.0203],0.2952,0.0733,0.0158,0,0.5954999999999999,0.0203
140,2000-11-27,Quebec,RIVIÈRE-DES-MILLE-ÎLES,45.65688529999999,-73.76429470000001,[0.344  0.1232 0.0138 0.0248 0.4941 0.    ],0.344,0.12319999999999999,0.0138,0.0248,0.4941,0
141,2000-11-27,Quebec,ROBERVAL,48.514784999999996,-72.224808,[0.3474 0.0878 0.0142 0.     0.5506 0.    ],0.34740000000000004,0.0878,0.014199999999999999,0,0.5506,0
142,2000-11-27,Quebec,ROSEMONT--PETITE-PATRIE,45.5315669,-73.59740759999998,[0.3383 0.0708 0.0299 0.0311 0.4913 0.0386],0.3383,0.0708,0.029900000000000003,0.0311,0.4913,0.0386
143,2000-11-27,Quebec,SAINT-BRUNO--SAINT-HUBERT,48.471930799999996,-71.653028,[0.3908 0.1183 0.0204 0.     0.4398 0.0306],0.3908,0.1183,0.0204,0,0.43979999999999997,0.030600000000000002
144,2000-11-27,Quebec,SAINT-HYACINTHE--BAGOT,45.627484,-72.940636,[0.3477 0.0875 0.0107 0.     0.5541 0.    ],0.3477,0.0875,0.010700000000000001,0,0.5540999999999999,0
145,2000-11-27,Quebec,SAINT-JEAN,46.920618700000006,-70.89023979999999,[0.3609 0.1241 0.0146 0.     0.4744 0.0261],0.36090000000000005,0.1241,0.0146,0,0.4744,0.026099999999999998
146,2000-11-27,Quebec,SAINT-LAMBERT,45.5016203,-73.51029809999999,[0.454  0.1331 0.     0.     0.3811 0.0318],0.45399999999999996,0.1331,0,0,0.3811,0.0318
147,2000-11-27,Quebec,SAINT-LAURENT--CARTIERVILLE,45.5032702,-73.7254477,[0.7358 0.0944 0.024  0.     0.1307 0.015 ],0.7358,0.09439999999999998,0.024,0,0.1307,0.015
148,2000-11-27,Quebec,SAINT-LÉONARD--SAINT-MICHEL,45.58671,-73.5969488,[0.7666 0.0608 0.0114 0.     0.1447 0.0166],0.7666,0.06080000000000001,0.011399999999999999,0,0.1447,0.0166
149,2000-11-27,Quebec,SAINT-MAURICE,46.468841999999995,-72.531052,[0.5407 0.0562 0.0083 0.     0.3896 0.0052],0.5407,0.0562,0.0083,0,0.3896,0.0052
150,2000-11-27,Quebec,SHEFFORD,45.364256299999994,-72.56455754861659,[0.4593 0.0746 0.0084 0.     0.4395 0.0182],0.4593,0.0746,0.0084,0,0.4395,0.0182
151,2000-11-27,Quebec,SHERBROOKE,45.403271000000004,-71.889038,[0.4184 0.0837 0.0134 0.     0.4653 0.0193],0.41840000000000005,0.0837,0.0134,0,0.4653,0.019299999999999998
152,2000-11-27,Quebec,TÉMISCAMINGUE,47.0904528,-78.59246999999999,[0.4275 0.0579 0.0131 0.     0.5014 0.    ],0.4275,0.0579,0.0131,0,0.5014,0
153,2000-11-27,Quebec,TERREBONNE--BLAINVILLE,45.7081005,-73.6515157,[0.317  0.1225 0.0199 0.     0.5191 0.0214],0.317,0.1225,0.0199,0,0.5191,0.021400000000000002
154,2000-11-27,Quebec,TROIS-RIVIÈRES,46.3507999,-72.5571257,[0.4292 0.0783 0.0107 0.     0.4667 0.015 ],0.4292,0.07830000000000001,0.010700000000000001,0,0.4667,0.015000000000000001
155,2000-11-27,Quebec,VAUDREUIL--SOULANGES,45.3994227,-74.0514619,[0.5156 0.1217 0.0177 0.     0.3449 0.    ],0.5156000000000001,0.1217,0.0177,0,0.34490000000000004,0
156,2000-11-27,Quebec,VERCHÈRES--LES PATRIOTES,45.7727845,-73.35544200000001,[0.305  0.1226 0.0196 0.     0.5229 0.0299],0.305,0.12260000000000001,0.0196,0,0.5229,0.029900000000000003
157,2000-11-27,Quebec,VERDUN--SAINT-HENRI--SAINT-PAUL--POINTE SAINT-CHARLES,45.460389299999996,-73.56519250000001,[0.5127 0.117  0.0246 0.0229 0.2937 0.0292],0.5127,0.117,0.0246,0.0229,0.2937,0.0292
158,2000-11-27,Quebec,WESTMOUNT--VILLE-MARIE,45.485732899999995,-73.5963951,[0.6019 0.164  0.0519 0.0325 0.1071 0.0425],0.6019,0.164,0.0519,0.0325,0.10710000000000001,0.04250000000000001
159,2002-05-13,Quebec,SAINT-LÉONARD--SAINT-MICHEL,45.58671,-73.5969488,[0.8354 0.0376 0.0265 0.     0.0887 0.0117],0.8354,0.037599999999999995,0.0265,0,0.08869999999999999,0.011699999999999999
160,2002-05-13,Quebec,VERDUN--SAINT-HENRI--SAINT-PAUL--POINTE SAINT-CHARLES,45.460389299999996,-73.56519250000001,[0.639  0.0572 0.0372 0.     0.2599 0.0066],0.639,0.0572,0.037200000000000004,0,0.25989999999999996,0.0066
161,2002-12-09,Quebec,BERTHIER--MONTCALM,46.0886062,-73.20830409999999,[0.4244 0.0391 0.0356 0.     0.5009 0.    ],0.4244,0.039099999999999996,0.0356,0,0.5009,0
162,2002-12-09,Quebec,LAC-SAINT-JEAN--SAGUENAY,48.58333595,-72.0048796541929,[0.4106 0.0392 0.0144 0.     0.4818 0.054 ],0.4106,0.0392,0.0144,0,0.4818,0.054
163,2003-06-16,Quebec,LÉVIS-ET-CHUTES-DE-LA-CHAUDIÈRE,46.7910096,-71.17532740000001,[0.5564 0.0321 0.0419 0.0108 0.351  0.0079],0.5564,0.0321,0.04190000000000001,0.0108,0.35100000000000003,0.0079
164,2003-06-16,Quebec,TÉMISCAMINGUE,47.0904528,-78.59246999999999,[0.5701 0.0456 0.0328 0.     0.3515 0.    ],0.5700999999999999,0.045599999999999995,0.032799999999999996,0,0.3515,0
165,2004-06-28,Quebec,ABITIBI--TÉMISCAMINGUE,48.717724100000005,-77.91427320000001,[0.3098 0.0558 0.0339 0.0239 0.5766 0.    ],0.3098,0.0558,0.0339,0.0239,0.5766,0
166,2004-06-28,Quebec,AHUNTSIC,45.55930765,-73.6527016506777,[0.4376 0.0524 0.0621 0.0268 0.4125 0.0086],0.4376,0.0524,0.0621,0.0268,0.4125,0.0086
167,2004-06-28,Quebec,ALFRED-PELLAN,46.809689399999996,-71.1589382,[0.3959 0.0507 0.0347 0.0212 0.492  0.0055],0.39590000000000003,0.0507,0.0347,0.0212,0.49200000000000005,0.0055
168,2004-06-28,Quebec,ARGENTEUIL--MIRABEL,45.6945241,-74.4707874,[0.2687 0.0704 0.0304 0.051  0.574  0.0055],0.2687,0.0704,0.0304,0.051,0.574,0.0055
169,2004-06-28,Quebec,BEAUCE,46.4801868,-70.988292,[0.4138 0.1709 0.0305 0.0223 0.3626 0.    ],0.4138,0.1709,0.0305,0.0223,0.3626,0
170,2004-06-28,Quebec,BEAUHARNOIS--SALABERRY,45.313977799999996,-73.875834,[0.3462 0.092  0.0193 0.0268 0.5067 0.0091],0.34619999999999995,0.092,0.019299999999999998,0.0268,0.5067,0.0091
171,2004-06-28,Quebec,BEAUPORT,46.8594456,-71.19324959999999,[0.2563 0.1596 0.0409 0.0341 0.4965 0.0126],0.2563,0.15960000000000002,0.0409,0.0341,0.4965,0.0126
172,2004-06-28,Quebec,BERTHIER--MASKINONGÉ,46.0886062,-73.20830409999999,[0.2279 0.1127 0.0336 0.0267 0.599  0.    ],0.2279,0.1127,0.0336,0.026699999999999998,0.599,0
173,2004-06-28,Quebec,BOURASSA,45.5544766,-73.66815150000001,[0.5003 0.0532 0.0397 0.0158 0.3776 0.0133],0.5003,0.053200000000000004,0.0397,0.0158,0.3776,0.0133
174,2004-06-28,Quebec,BROME--MISSISQUOI,45.189207,-72.5628566,[0.4208 0.1105 0.0266 0.0455 0.3966 0.    ],0.4208,0.1105,0.026600000000000002,0.0455,0.39659999999999995,0
175,2004-06-28,Quebec,BROSSARD--LA PRAIRIE,45.4554829,-73.46789040000002,[0.459  0.059  0.0441 0.0255 0.4104 0.0021],0.45899999999999996,0.059000000000000004,0.0441,0.0255,0.4104,0.0021
176,2004-06-28,Quebec,CHAMBLY--BORDUAS,45.447389799999996,-73.2932002,[0.2275 0.0756 0.0481 0.0403 0.6085 0.    ],0.2275,0.0756,0.0481,0.0403,0.6085,0
177,2004-06-28,Quebec,CHARLESBOURG,46.895861100000005,-71.2910300583245,[0.2573 0.1578 0.0351 0.0257 0.516  0.0081],0.25730000000000003,0.1578,0.0351,0.025699999999999997,0.516,0.008100000000000001
178,2004-06-28,Quebec,CHARLEVOIX--MONTMORENCY,47.64934470000001,-70.7362215,[0.2058 0.1259 0.0252 0.034  0.6091 0.    ],0.20579999999999998,0.1259,0.0252,0.034,0.6091,0
179,2004-06-28,Quebec,CHÂTEAUGUAY--SAINT-CONSTANT,45.3619066,-73.7524319,[0.3004 0.0567 0.0333 0.0369 0.5728 0.    ],0.3004,0.0567,0.0333,0.0369,0.5728,0
180,2004-06-28,Quebec,CHICOUTIMI--LE FJORD,48.337024799999995,-71.1235261355927,[0.4343 0.0523 0.0373 0.0228 0.4533 0.    ],0.4343,0.052300000000000006,0.0373,0.022799999999999997,0.4533,0
181,2004-06-28,Quebec,COMPTON--STANSTEAD,45.243228,-71.827927,[0.3597 0.1048 0.0331 0.0353 0.467  0.    ],0.35969999999999996,0.1048,0.0331,0.0353,0.467,0
182,2004-06-28,Quebec,DRUMMOND,45.865091299999996,-72.45271059999999,[0.2281 0.1694 0.0177 0.0219 0.5629 0.    ],0.2281,0.16940000000000002,0.0177,0.0219,0.5629,0
183,2004-06-28,Quebec,GASPÉSIE--ÎLES-DE-LA-MADELEINE,48.658055600000004,-65.75277779999999,[0.3265 0.0684 0.0209 0.0275 0.5567 0.    ],0.3265,0.0684,0.0209,0.0275,0.5567,0
184,2004-06-28,Quebec,GATINEAU,45.457240999999996,-75.723267,[0.4209 0.0759 0.0572 0.0307 0.4027 0.0126],0.42090000000000005,0.0759,0.0572,0.030699999999999998,0.40270000000000006,0.0126
185,2004-06-28,Quebec,HOCHELAGA,45.540386100000006,-73.5415414291866,[0.2563 0.0406 0.0549 0.0298 0.6012 0.0172],0.2563,0.0406,0.054900000000000004,0.0298,0.6012,0.0172
186,2004-06-28,Quebec,HONORÉ-MERCIER,45.596408600000004,-73.5354197,[0.461  0.0602 0.0409 0.0177 0.4037 0.0164],0.461,0.0602,0.0409,0.0177,0.40369999999999995,0.0164
187,2004-06-28,Quebec,HULL--AYLMER,45.437163700000006,-75.7241942,[0.4187 0.0824 0.1187 0.0533 0.3249 0.002 ],0.41869999999999996,0.0824,0.11869999999999999,0.0533,0.3249,0.002
188,2004-06-28,Quebec,JEANNE-LE BER,46.7617675,-71.31058490000001,[0.4109 0.0553 0.0692 0.0408 0.4093 0.0146],0.41090000000000004,0.0553,0.0692,0.0408,0.4093,0.014599999999999998
189,2004-06-28,Quebec,JOLIETTE,46.0528409,-73.4617483,[0.227  0.0643 0.0363 0.0237 0.6342 0.0145],0.22699999999999998,0.0643,0.0363,0.023700000000000002,0.6342,0.014499999999999999
190,2004-06-28,Quebec,JONQUIÈRE--ALMA,48.413538700000004,-71.25392459999999,[0.2912 0.0483 0.034  0.0148 0.5493 0.0623],0.2912,0.0483,0.034,0.0148,0.5493,0.062299999999999994
191,2004-06-28,Quebec,LA POINTE-DE-L'ÎLE,45.651111,-73.508889,[0.2293 0.0424 0.0379 0.0257 0.6647 0.    ],0.2293,0.0424,0.0379,0.025699999999999997,0.6647,0
192,2004-06-28,Quebec,LAC-SAINT-LOUIS,45.38068955,-73.83285544040109,[0.6391 0.121  0.0754 0.0514 0.1016 0.0115],0.6391,0.121,0.0754,0.051399999999999994,0.1016,0.0115
193,2004-06-28,Quebec,LASALLE--ÉMARD,45.4325141,-73.6292667,[0.5655 0.0498 0.0437 0.0219 0.3068 0.0122],0.5655,0.049800000000000004,0.0437,0.0219,0.3068,0.012199999999999999
194,2004-06-28,Quebec,LAURENTIDES--LABELLE,46.6070866,-75.12097820758079,[0.2943 0.0588 0.0269 0.0363 0.5838 0.    ],0.2943,0.0588,0.0269,0.0363,0.5838,0
195,2004-06-28,Quebec,LAURIER,46.770621399999996,-71.28463173489459,[0.1768 0.0256 0.1208 0.0609 0.6007 0.0152],0.17679999999999998,0.0256,0.1208,0.060899999999999996,0.6007,0.0152
196,2004-06-28,Quebec,LAVAL,45.60558895,-73.7344173056906,[0.3618 0.0639 0.041  0.0224 0.5009 0.0101],0.3618,0.0639,0.040999999999999995,0.022400000000000003,0.5009,0.0101
197,2004-06-28,Quebec,LAVAL--LES ÎLES,45.60558895,-73.7344173056906,[0.4786 0.0698 0.0439 0.0235 0.3711 0.013 ],0.47859999999999997,0.0698,0.043899999999999995,0.0235,0.3711,0.013
198,2004-06-28,Quebec,LÉVIS--BELLECHASSE,46.7910096,-71.17532740000001,[0.2762 0.1905 0.0386 0.048  0.4434 0.0033],0.2762,0.1905,0.038599999999999995,0.048,0.4434,0.0033
199,2004-06-28,Quebec,LONGUEUIL,45.5172382,-73.44674659999998,[0.2556 0.0487 0.0519 0.0261 0.6094 0.0083],0.2556,0.0487,0.0519,0.026099999999999998,0.6093999999999999,0.0083
200,2004-06-28,Quebec,LOTBINIÈRE--CHUTES-DE-LA-CHAUDIÈRE,46.5473036,-71.52394509999999,[0.2145 0.2414 0.0475 0.0367 0.4599 0.    ],0.2145,0.2414,0.0475,0.036699999999999997,0.45990000000000003,0
201,2004-06-28,Quebec,LOUIS-HÉBERT,45.5455196,-73.59288215010329,[0.3403 0.1345 0.0557 0.0383 0.4311 0.    ],0.3403,0.13449999999999998,0.0557,0.0383,0.4311,0
202,2004-06-28,Quebec,LOUIS-SAINT-LAURENT,46.8259601,-71.23522259999999,[0.2234 0.3113 0.0305 0.0277 0.3844 0.0226],0.2234,0.31129999999999997,0.0305,0.0277,0.38439999999999996,0.022600000000000002
203,2004-06-28,Quebec,MANICOUAGAN,50.43566920000001,-68.7676678,[0.2488 0.0492 0.1033 0.0136 0.5851 0.    ],0.2488,0.0492,0.1033,0.013600000000000001,0.5851,0
204,2004-06-28,Quebec,MARC-AURÈLE-FORTIN,45.6333698,-73.5915079668334,[0.2772 0.0598 0.0357 0.0385 0.5888 0.    ],0.2772,0.059800000000000006,0.035699999999999996,0.0385,0.5888,0
205,2004-06-28,Quebec,MATAPÉDIA--MATANE,48.4079152,-67.1141862,[0.3048 0.0623 0.0499 0.0185 0.5645 0.    ],0.3048,0.0623,0.0499,0.018500000000000003,0.5645,0
206,2004-06-28,Quebec,MÉGANTIC--L'ÉRABLE,45.449481799999994,-71.15216663749258,[0.3665 0.1142 0.0373 0.0346 0.4474 0.    ],0.3665,0.1142,0.0373,0.0346,0.4474,0
207,2004-06-28,Quebec,MONTCALM,45.9235706,-73.6530537,[0.164  0.0587 0.0317 0.0333 0.7124 0.    ],0.16399999999999998,0.0587,0.0317,0.0333,0.7123999999999999,0
208,2004-06-28,Quebec,MOUNT ROYAL,45.5086157,-73.5903112,[0.7568 0.0863 0.0491 0.0276 0.0696 0.0106],0.7568,0.0863,0.049100000000000005,0.0276,0.0696,0.010600000000000002
209,2004-06-28,Quebec,NOTRE-DAME-DE-GRÂCE--LACHINE,45.4679674,-73.6289223,[0.532  0.1022 0.0793 0.05   0.2199 0.0165],0.532,0.10220000000000001,0.0793,0.05,0.21989999999999998,0.0165
210,2004-06-28,Quebec,NUNAVIK--EEYOU,59.0281257,-72.4341637,[0.4317 0.0455 0.0394 0.031  0.4523 0.    ],0.43170000000000003,0.0455,0.0394,0.031,0.4523,0
211,2004-06-28,Quebec,OUTREMONT,45.5186167,-73.6068856,[0.4094 0.0597 0.1406 0.0429 0.3325 0.0149],0.4094,0.059699999999999996,0.1406,0.0429,0.3325,0.0149
212,2004-06-28,Quebec,PAPINEAU,45.852553,-75.1414806,[0.411  0.0477 0.0877 0.0257 0.3996 0.0282],0.41100000000000003,0.04769999999999999,0.0877,0.025699999999999997,0.3996,0.028199999999999996
213,2004-06-28,Quebec,PIERREFONDS--DOLLARD,45.4955083,-73.84717490000001,[0.6357 0.1076 0.0547 0.0301 0.1595 0.0125],0.6357,0.1076,0.0547,0.0301,0.1595,0.0125
214,2004-06-28,Quebec,PONTIAC,46.5896034,-77.2781003,[0.3836 0.2215 0.0579 0.0418 0.2919 0.0033],0.3836,0.22149999999999997,0.0579,0.0418,0.2919,0.0033
215,2004-06-28,Quebec,PORTNEUF,46.9943379,-72.0055843,[0.2756 0.2149 0.0358 0.0447 0.4291 0.    ],0.2756,0.21489999999999998,0.0358,0.0447,0.4291,0
216,2004-06-28,Quebec,QUÉBEC,46.8259601,-71.23522259999999,[0.2697 0.1107 0.0555 0.0425 0.5063 0.0152],0.2697,0.1107,0.0555,0.0425,0.5063,0.0152
217,2004-06-28,Quebec,REPENTIGNY,45.7326055,-73.4528307,[0.1825 0.0477 0.0298 0.0289 0.7006 0.0105],0.1825,0.04769999999999999,0.0298,0.028900000000000002,0.7006,0.0105
218,2004-06-28,Quebec,RICHELIEU,45.441899299999996,-73.25001929999999,[0.2268 0.0765 0.0209 0.0172 0.6467 0.0119],0.2268,0.0765,0.0209,0.0172,0.6467,0.011899999999999999
219,2004-06-28,Quebec,RICHMOND--ARTHABASKA,45.6508566,-60.853368700000004,[0.2715 0.1044 0.0326 0.036  0.5555 0.    ],0.27149999999999996,0.10439999999999999,0.0326,0.036000000000000004,0.5555,0
220,2004-06-28,Quebec,RIMOUSKI--TÉMISCOUATA,48.450155,-68.52996800000001,[0.2377 0.0894 0.0705 0.0262 0.5763 0.    ],0.2377,0.0894,0.0705,0.0262,0.5763,0
221,2004-06-28,Quebec,RIVIÈRE-DES-MILLE-ÎLES,45.65688529999999,-73.76429470000001,[0.2418 0.0672 0.0342 0.043  0.6139 0.    ],0.2418,0.0672,0.0342,0.043,0.6139,0
222,2004-06-28,Quebec,RIVIÈRE-DU-LOUP--MONTMAGNY,47.8358164,-69.53680250000001,[0.2961 0.0911 0.0198 0.0217 0.5713 0.    ],0.2961,0.0911,0.019799999999999998,0.0217,0.5713,0
223,2004-06-28,Quebec,RIVIÈRE-DU-NORD,45.8400098,-74.0026536,[0.216  0.0553 0.0293 0.0256 0.6633 0.0104],0.21600000000000003,0.0553,0.029300000000000003,0.0256,0.6633,0.0104
224,2004-06-28,Quebec,ROBERVAL,48.514784999999996,-72.224808,[0.2319 0.0866 0.0511 0.0362 0.5941 0.    ],0.23190000000000002,0.0866,0.051100000000000007,0.0362,0.5941,0
225,2004-06-28,Quebec,ROSEMONT--LA PETITE-PATRIE,45.5315669,-73.59740759999998,[0.229  0.0309 0.0767 0.0425 0.618  0.0029],0.22899999999999998,0.030899999999999997,0.0767,0.0425,0.618,0.0029
226,2004-06-28,Quebec,SAINT-BRUNO--SAINT-HUBERT,48.471930799999996,-71.653028,[0.3037 0.0627 0.0443 0.0265 0.5511 0.0117],0.3037,0.06269999999999999,0.0443,0.0265,0.5511,0.011699999999999999
227,2004-06-28,Quebec,SAINT-HYACINTHE--BAGOT,45.627484,-72.940636,[0.2212 0.1098 0.0252 0.0199 0.624  0.    ],0.2212,0.10980000000000001,0.0252,0.0199,0.624,0
228,2004-06-28,Quebec,SAINT-JEAN,46.920618700000006,-70.89023979999999,[0.2595 0.0786 0.0344 0.0265 0.6011 0.    ],0.2595,0.0786,0.0344,0.0265,0.6011,0
229,2004-06-28,Quebec,SAINT-LAMBERT,45.5016203,-73.51029809999999,[0.3693 0.0607 0.0472 0.0311 0.4884 0.0032],0.3693,0.060700000000000004,0.0472,0.0311,0.48840000000000006,0.0032
230,2004-06-28,Quebec,SAINT-LAURENT--CARTIERVILLE,45.5032702,-73.7254477,[0.6682 0.062  0.0625 0.0208 0.1726 0.014 ],0.6681999999999999,0.062,0.0625,0.0208,0.1726,0.014
231,2004-06-28,Quebec,SAINT-LÉONARD--SAINT-MICHEL,45.58671,-73.5969488,[0.639  0.0528 0.0598 0.0233 0.2185 0.0066],0.639,0.0528,0.059800000000000006,0.0233,0.21850000000000003,0.0066
232,2004-06-28,Quebec,SAINT-MAURICE--CHAMPLAIN,46.468841999999995,-72.531052,[0.3055 0.0881 0.0236 0.0182 0.5529 0.0117],0.3055,0.08810000000000001,0.0236,0.0182,0.5529,0.011699999999999999
233,2004-06-28,Quebec,SHEFFORD,45.364256299999994,-72.56455754861659,[0.3972 0.0792 0.0243 0.0333 0.466  0.    ],0.3972,0.07919999999999999,0.024300000000000002,0.0333,0.466,0
234,2004-06-28,Quebec,SHERBROOKE,45.403271000000004,-71.889038,[0.3101 0.0429 0.0293 0.0302 0.5874 0.    ],0.31010000000000004,0.0429,0.029300000000000003,0.0302,0.5874,0
235,2004-06-28,Quebec,TERREBONNE--BLAINVILLE,45.7081005,-73.6515157,[0.197  0.0562 0.0316 0.0338 0.6813 0.    ],0.19699999999999998,0.0562,0.0316,0.0338,0.6812999999999999,0
236,2004-06-28,Quebec,TROIS-RIVIÈRES,46.3507999,-72.5571257,[0.2736 0.0943 0.0352 0.0318 0.5651 0.    ],0.2736,0.0943,0.0352,0.0318,0.5650999999999999,0
237,2004-06-28,Quebec,VAUDREUIL--SOULANGES,45.3994227,-74.0514619,[0.388  0.0818 0.039  0.0377 0.4429 0.0105],0.38799999999999996,0.0818,0.039,0.0377,0.4429,0.0105
238,2004-06-28,Quebec,VERCHÈRES--LES PATRIOTES,45.7727845,-73.35544200000001,[0.202  0.0558 0.0368 0.0198 0.6762 0.0094],0.20199999999999999,0.0558,0.0368,0.019799999999999998,0.6762,0.009399999999999999
239,2004-06-28,Quebec,WESTMOUNT--VILLE-MARIE,45.485732899999995,-73.5963951,[0.5584 0.1007 0.1199 0.0605 0.1481 0.0125],0.5584,0.1007,0.1199,0.0605,0.1481,0.012499999999999999
240,2006-01-23,Quebec,ABITIBI--BAIE-JAMES--NUNAVIK--EEYOU,48.717724100000005,-77.91427320000001,[0.224  0.2093 0.0605 0.0405 0.4657 0.    ],0.22399999999999998,0.20929999999999999,0.0605,0.0405,0.4657,0
241,2006-01-23,Quebec,ABITIBI--TÉMISCAMINGUE,48.717724100000005,-77.91427320000001,[0.1381 0.2259 0.0854 0.0272 0.5234 0.    ],0.1381,0.2259,0.08539999999999999,0.027200000000000002,0.5234000000000001,0
242,2006-01-23,Quebec,AHUNTSIC,45.55930765,-73.6527016506777,[0.3724 0.1226 0.0791 0.0368 0.3891 0.    ],0.3724,0.1226,0.0791,0.0368,0.38909999999999995,0
243,2006-01-23,Quebec,ALFRED-PELLAN,46.809689399999996,-71.1589382,[0.2759 0.1892 0.0711 0.0341 0.4297 0.    ],0.2759,0.1892,0.0711,0.0341,0.42969999999999997,0
244,2006-01-23,Quebec,ARGENTEUIL--PAPINEAU--MIRABEL,45.6945241,-74.4707874,[0.1342 0.2332 0.0649 0.0464 0.5213 0.    ],0.13419999999999999,0.2332,0.0649,0.0464,0.5213,0
245,2006-01-23,Quebec,BAS-RICHELIEU--NICOLET--BÉCANCOUR,45.876807299999996,-72.8837724,[0.1298 0.2336 0.0453 0.0322 0.5592 0.    ],0.1298,0.2336,0.0453,0.0322,0.5592,0
246,2006-01-23,Quebec,BEAUCE,46.4801868,-70.988292,[0.0792 0.6702 0.0255 0.0254 0.1997 0.    ],0.07919999999999999,0.6701999999999999,0.0255,0.0254,0.1997,0
247,2006-01-23,Quebec,BEAUHARNOIS--SALABERRY,45.313977799999996,-73.875834,[0.1501 0.2651 0.0756 0.0338 0.4753 0.    ],0.1501,0.2651,0.0756,0.0338,0.4753,0
248,2006-01-23,Quebec,BEAUPORT--LIMOILOU,46.8594456,-71.19324959999999,[0.1004 0.3954 0.0798 0.0408 0.3787 0.0048],0.10039999999999999,0.3954,0.07980000000000001,0.0408,0.3787,0.0048
249,2006-01-23,Quebec,BERTHIER--MASKINONGÉ,46.0886062,-73.20830409999999,[0.1038 0.314  0.0615 0.0356 0.485  0.    ],0.1038,0.314,0.061500000000000006,0.0356,0.485,0
250,2006-01-23,Quebec,BOURASSA,45.5544766,-73.66815150000001,[0.4341 0.1585 0.0519 0.0318 0.3197 0.004 ],0.4341,0.1585,0.0519,0.0318,0.3197,0.004
251,2006-01-23,Quebec,BROME--MISSISQUOI,45.189207,-72.5628566,[0.2797 0.2035 0.0585 0.0355 0.3833 0.0396],0.2797,0.20350000000000001,0.058499999999999996,0.0355,0.3833,0.039599999999999996
252,2006-01-23,Quebec,BROSSARD--LA PRAIRIE,45.4554829,-73.46789040000002,[0.3501 0.1691 0.0746 0.0327 0.3717 0.0019],0.35009999999999997,0.1691,0.0746,0.0327,0.37170000000000003,0.0019
253,2006-01-23,Quebec,CHAMBLY--BORDUAS,45.447389799999996,-73.2932002,[0.1125 0.2062 0.0839 0.0505 0.547  0.    ],0.1125,0.20620000000000002,0.0839,0.050499999999999996,0.547,0
254,2006-01-23,Quebec,CHARLESBOURG--HAUTE-SAINT-CHARLES,46.895861100000005,-71.2910300583245,[0.0878 0.4104 0.062  0.0254 0.3828 0.0315],0.08779999999999999,0.4104,0.062,0.0254,0.38280000000000003,0.0315
255,2006-01-23,Quebec,CHÂTEAUGUAY--SAINT-CONSTANT,45.3619066,-73.7524319,[0.1871 0.2039 0.0521 0.0432 0.5138 0.    ],0.18710000000000002,0.2039,0.0521,0.0432,0.5138,0
256,2006-01-23,Quebec,CHICOUTIMI--LE FJORD,48.337024799999995,-71.1235261355927,[0.2919 0.2472 0.0515 0.0245 0.3849 0.    ],0.2919,0.24719999999999998,0.051500000000000004,0.0245,0.3849,0
257,2006-01-23,Quebec,COMPTON--STANSTEAD,45.243228,-71.827927,[0.2232 0.2434 0.0622 0.0436 0.4277 0.    ],0.2232,0.2434,0.0622,0.0436,0.4277,0
258,2006-01-23,Quebec,DRUMMOND,45.865091299999996,-72.45271059999999,[0.1637 0.223  0.0632 0.0532 0.4969 0.    ],0.1637,0.223,0.0632,0.053200000000000004,0.49689999999999995,0
259,2006-01-23,Quebec,GASPÉSIE--ÎLES-DE-LA-MADELEINE,48.658055600000004,-65.75277779999999,[0.1926 0.3223 0.0296 0.0286 0.4269 0.    ],0.19260000000000002,0.3223,0.0296,0.0286,0.4269,0
260,2006-01-23,Quebec,GATINEAU,45.457240999999996,-75.723267,[0.3131 0.1677 0.0996 0.0271 0.3925 0.    ],0.3131,0.1677,0.09960000000000001,0.0271,0.3925,0
261,2006-01-23,Quebec,HAUTE-GASPÉSIE--LA MITIS--MATANE--MATAPÉDIA,49.2043796,-65.95885899999999,[0.1307 0.2975 0.062  0.0267 0.4604 0.0228],0.1307,0.2975,0.062,0.026699999999999998,0.4604,0.022799999999999997
262,2006-01-23,Quebec,HOCHELAGA,45.540386100000006,-73.5415414291866,[0.1724 0.1221 0.0891 0.0486 0.5558 0.012 ],0.1724,0.12210000000000001,0.0891,0.048600000000000004,0.5558,0.012
263,2006-01-23,Quebec,HONORÉ-MERCIER,45.596408600000004,-73.5354197,[0.3823 0.1744 0.0622 0.0293 0.3483 0.0036],0.3823,0.1744,0.0622,0.029300000000000003,0.3483,0.0036
264,2006-01-23,Quebec,HULL--AYLMER,45.437163700000006,-75.7241942,[0.3267 0.1726 0.1549 0.0499 0.2935 0.0023],0.3267,0.1726,0.1549,0.0499,0.29350000000000004,0.0023
265,2006-01-23,Quebec,JEANNE-LE BER,46.7617675,-71.31058490000001,[0.3406 0.1184 0.0919 0.0469 0.4022 0.    ],0.3406,0.1184,0.0919,0.046900000000000004,0.4022,0
266,2006-01-23,Quebec,JOLIETTE,46.0528409,-73.4617483,[0.0992 0.2683 0.0519 0.0394 0.5412 0.    ],0.0992,0.2683,0.0519,0.0394,0.5412,0
267,2006-01-23,Quebec,JONQUIÈRE--ALMA,48.413538700000004,-71.25392459999999,[0.0296 0.5209 0.0387 0.0177 0.393  0.    ],0.0296,0.5209,0.0387,0.0177,0.39299999999999996,0
268,2006-01-23,Quebec,LA POINTE-DE-L'ÎLE,45.651111,-73.508889,[0.1411 0.1524 0.0701 0.0318 0.6046 0.    ],0.1411,0.1524,0.0701,0.0318,0.6046,0
269,2006-01-23,Quebec,LAC-SAINT-LOUIS,45.38068955,-73.83285544040109,[0.4817 0.2666 0.1073 0.0679 0.0765 0.    ],0.4817,0.2666,0.1073,0.0679,0.0765,0
270,2006-01-23,Quebec,LASALLE--ÉMARD,45.4325141,-73.6292667,[0.4841 0.1275 0.0597 0.0322 0.2873 0.0092],0.4841,0.1275,0.059699999999999996,0.0322,0.2873,0.0092
271,2006-01-23,Quebec,LAURENTIDES--LABELLE,46.6070866,-75.12097820758079,[0.1453 0.2035 0.0645 0.0485 0.5382 0.    ],0.14529999999999998,0.20350000000000001,0.0645,0.048499999999999995,0.5382,0
272,2006-01-23,Quebec,LAURIER--SAINTE-MARIE,46.770621399999996,-71.28463173489459,[0.1245 0.0638 0.1668 0.083  0.5469 0.0149],0.1245,0.0638,0.1668,0.083,0.5468999999999999,0.0149
273,2006-01-23,Quebec,LAVAL,45.60558895,-73.7344173056906,[0.2556 0.1859 0.0815 0.0335 0.4435 0.    ],0.2556,0.1859,0.0815,0.0335,0.4435,0
274,2006-01-23,Quebec,LAVAL--LES ÎLES,45.60558895,-73.7344173056906,[0.3932 0.1708 0.072  0.0294 0.3307 0.004 ],0.3932,0.17079999999999998,0.07200000000000001,0.0294,0.3307,0.004
275,2006-01-23,Quebec,LÉVIS--BELLECHASSE,46.7910096,-71.17532740000001,[0.0819 0.464  0.0463 0.041  0.2902 0.0765],0.0819,0.46399999999999997,0.0463,0.040999999999999995,0.2902,0.0765
276,2006-01-23,Quebec,LONGUEUIL--PIERRE-BOUCHER,45.5172382,-73.44674659999998,[0.126  0.1878 0.086  0.0402 0.552  0.008 ],0.126,0.18780000000000002,0.086,0.04019999999999999,0.552,0.008
277,2006-01-23,Quebec,LOTBINIÈRE--CHUTES-DE-LA-CHAUDIÈRE,46.5473036,-71.52394509999999,[0.0543 0.5434 0.0679 0.0381 0.2964 0.    ],0.054299999999999994,0.5434,0.0679,0.0381,0.2964,0
278,2006-01-23,Quebec,LOUIS-HÉBERT,45.5455196,-73.59288215010329,[0.1501 0.3447 0.0907 0.0427 0.3408 0.031 ],0.1501,0.3447,0.0907,0.042699999999999995,0.3408,0.031
279,2006-01-23,Quebec,LOUIS-SAINT-LAURENT,46.8259601,-71.23522259999999,[0.0641 0.5768 0.0574 0.0296 0.2419 0.0302],0.0641,0.5768,0.0574,0.0296,0.2419,0.0302
280,2006-01-23,Quebec,MANICOUAGAN,50.43566920000001,-68.7676678,[0.1432 0.1898 0.1279 0.0226 0.511  0.0054],0.1432,0.1898,0.12789999999999999,0.0226,0.511,0.0054
281,2006-01-23,Quebec,MARC-AURÈLE-FORTIN,45.6333698,-73.5915079668334,[0.1551 0.2048 0.0796 0.0504 0.51   0.    ],0.1551,0.2048,0.0796,0.0504,0.51,0
282,2006-01-23,Quebec,MÉGANTIC--L'ÉRABLE,45.449481799999994,-71.15216663749258,[0.104  0.4985 0.0389 0.0325 0.3262 0.    ],0.10400000000000001,0.4985,0.038900000000000004,0.0325,0.3262,0
283,2006-01-23,Quebec,MONTCALM,45.9235706,-73.6530537,[0.0827 0.1926 0.0671 0.0348 0.6228 0.    ],0.0827,0.19260000000000002,0.06709999999999999,0.0348,0.6228,0
284,2006-01-23,Quebec,MONTMAGNY--L’ISLET--KAMOURASKA--RIVIÈRE-DU-LOUP,46.9826328,-70.555916,[0.1406 0.2507 0.0458 0.0384 0.5244 0.    ],0.1406,0.2507,0.0458,0.0384,0.5244,0
285,2006-01-23,Quebec,MONTMORENCY--CHARLEVOIX--HAUTE-CÔTE-NORD,45.558285600000005,-73.7215259,[0.0884 0.3225 0.0642 0.0338 0.4911 0.    ],0.08839999999999999,0.3225,0.0642,0.0338,0.4911,0
286,2006-01-23,Quebec,MOUNT ROYAL,45.5086157,-73.5903112,[0.6555 0.179  0.067  0.0385 0.0571 0.0029],0.6555,0.179,0.067,0.0385,0.0571,0.0029
287,2006-01-23,Quebec,NOTRE-DAME-DE-GRÂCE--LACHINE,45.4679674,-73.6289223,[0.4385 0.1744 0.1182 0.0597 0.2034 0.0059],0.4385,0.1744,0.1182,0.059699999999999996,0.2034,0.0059
288,2006-01-23,Quebec,OUTREMONT,45.5186167,-73.6068856,[0.3518 0.1273 0.172  0.0482 0.2901 0.0104],0.3518,0.1273,0.172,0.0482,0.2901,0.010400000000000001
289,2006-01-23,Quebec,PAPINEAU,45.852553,-75.1414806,[0.3848 0.0832 0.077  0.036  0.4075 0.0115],0.3848,0.0832,0.077,0.036000000000000004,0.4075,0.0115
290,2006-01-23,Quebec,PIERREFONDS--DOLLARD,45.4955083,-73.84717490000001,[0.5112 0.2308 0.0768 0.0554 0.1237 0.002 ],0.5112,0.23079999999999998,0.0768,0.0554,0.12369999999999999,0.002
291,2006-01-23,Quebec,PONTIAC,46.5896034,-77.2781003,[0.2423 0.3368 0.0998 0.0317 0.2871 0.0022],0.24230000000000002,0.3368,0.0998,0.0317,0.2871,0.0022
292,2006-01-23,Quebec,PORTNEUF--JACQUES-CARTIER,46.9943379,-72.0055843,[0.0492 0.2267 0.0387 0.0283 0.2588 0.3984],0.0492,0.2267,0.0387,0.028300000000000002,0.2588,0.39840000000000003
293,2006-01-23,Quebec,QUÉBEC,46.8259601,-71.23522259999999,[0.1144 0.2977 0.0922 0.0473 0.4153 0.0331],0.1144,0.2977,0.0922,0.0473,0.4153,0.033100000000000004
294,2006-01-23,Quebec,REPENTIGNY,45.7326055,-73.4528307,[0.0865 0.1808 0.0774 0.0311 0.6242 0.    ],0.08650000000000001,0.1808,0.0774,0.0311,0.6242,0
295,2006-01-23,Quebec,RICHMOND--ARTHABASKA,45.6508566,-60.853368700000004,[0.1036 0.3223 0.0491 0.0461 0.4789 0.    ],0.1036,0.3223,0.049100000000000005,0.0461,0.4789,0
296,2006-01-23,Quebec,RIMOUSKI-NEIGETTE--TÉMISCOUATA--LES BASQUES,48.2742735,-68.509585,[0.1933 0.222  0.098  0.0228 0.4638 0.    ],0.19329999999999997,0.222,0.098,0.022799999999999997,0.46380000000000005,0
297,2006-01-23,Quebec,RIVIÈRE-DES-MILLE-ÎLES,45.65688529999999,-73.76429470000001,[0.128  0.2087 0.0701 0.0542 0.539  0.    ],0.128,0.2087,0.0701,0.0542,0.539,0
298,2006-01-23,Quebec,RIVIÈRE-DU-NORD,45.8400098,-74.0026536,[0.0928 0.2077 0.0721 0.0366 0.5908 0.    ],0.0928,0.2077,0.0721,0.0366,0.5908,0
299,2006-01-23,Quebec,ROBERVAL--LAC-SAINT-JEAN,48.514784999999996,-72.224808,[0.0775 0.3718 0.0553 0.0434 0.452  0.    ],0.0775,0.3718,0.0553,0.0434,0.452,0
300,2006-01-23,Quebec,ROSEMONT--LA PETITE-PATRIE,45.5315669,-73.59740759999998,[0.1576 0.093  0.1155 0.066  0.5599 0.008 ],0.1576,0.09300000000000001,0.1155,0.066,0.5599000000000001,0.008
301,2006-01-23,Quebec,SAINT-BRUNO--SAINT-HUBERT,48.471930799999996,-71.653028,[0.164  0.1983 0.0827 0.0448 0.5029 0.0073],0.16399999999999998,0.19829999999999998,0.0827,0.044800000000000006,0.5029,0.0073
302,2006-01-23,Quebec,SAINT-HYACINTHE--BAGOT,45.627484,-72.940636,[0.0983 0.248  0.0548 0.0387 0.5602 0.    ],0.0983,0.248,0.0548,0.0387,0.5602,0
303,2006-01-23,Quebec,SAINT-JEAN,46.920618700000006,-70.89023979999999,[0.1236 0.2214 0.0696 0.0456 0.5398 0.    ],0.12359999999999999,0.2214,0.0696,0.045599999999999995,0.5398,0
304,2006-01-23,Quebec,SAINT-LAMBERT,45.5016203,-73.51029809999999,[0.2331 0.1967 0.0736 0.0393 0.453  0.0042],0.23309999999999997,0.1967,0.0736,0.0393,0.45299999999999996,0.0042
305,2006-01-23,Quebec,SAINT-LAURENT--CARTIERVILLE,45.5032702,-73.7254477,[0.5985 0.1317 0.0772 0.0426 0.1458 0.0042],0.5985,0.1317,0.07719999999999999,0.0426,0.1458,0.0042
306,2006-01-23,Quebec,SAINT-LÉONARD--SAINT-MICHEL,45.58671,-73.5969488,[0.5717 0.1441 0.0683 0.0232 0.1874 0.0053],0.5717,0.1441,0.0683,0.0232,0.18739999999999998,0.0053
307,2006-01-23,Quebec,SAINT-MAURICE--CHAMPLAIN,46.468841999999995,-72.531052,[0.1156 0.3301 0.0759 0.0351 0.4434 0.    ],0.11560000000000001,0.3301,0.0759,0.0351,0.4434,0
308,2006-01-23,Quebec,SHEFFORD,45.364256299999994,-72.56455754861659,[0.2342 0.2476 0.0473 0.0401 0.4309 0.    ],0.23420000000000002,0.24760000000000001,0.0473,0.0401,0.43090000000000006,0
309,2006-01-23,Quebec,SHERBROOKE,45.403271000000004,-71.889038,[0.1321 0.2072 0.0895 0.0431 0.522  0.0061],0.1321,0.2072,0.0895,0.0431,0.522,0.0060999999999999995
310,2006-01-23,Quebec,TERREBONNE--BLAINVILLE,45.7081005,-73.6515157,[0.0897 0.2001 0.075  0.0434 0.5917 0.    ],0.0897,0.20010000000000003,0.075,0.0434,0.5917,0
311,2006-01-23,Quebec,TROIS-RIVIÈRES,46.3507999,-72.5571257,[0.1082 0.3168 0.0775 0.0311 0.4587 0.0076],0.1082,0.31679999999999997,0.0775,0.0311,0.4587,0.0076
312,2006-01-23,Quebec,VAUDREUIL--SOULANGES,45.3994227,-74.0514619,[0.2844 0.1902 0.0555 0.0392 0.4308 0.    ],0.2844,0.1902,0.0555,0.0392,0.43079999999999996,0
313,2006-01-23,Quebec,VERCHÈRES--LES PATRIOTES,45.7727845,-73.35544200000001,[0.0874 0.2179 0.0815 0.0389 0.5743 0.    ],0.0874,0.21789999999999998,0.0815,0.038900000000000004,0.5743,0
314,2006-01-23,Quebec,WESTMOUNT--VILLE-MARIE,45.485732899999995,-73.5963951,[0.4568 0.1765 0.1537 0.0835 0.1256 0.004 ],0.4568,0.1765,0.1537,0.08349999999999999,0.12560000000000002,0.004
315,2006-11-27,Quebec,REPENTIGNY,45.7326055,-73.4528307,[0.0623 0.1869 0.0702 0.     0.6626 0.0179],0.0623,0.1869,0.0702,0,0.6626000000000001,0.0179
316,2007-09-17,Quebec,OUTREMONT,45.5186167,-73.6068856,[0.2896 0.0857 0.475  0.0221 0.1093 0.0183],0.2896,0.0857,0.475,0.022099999999999998,0.1093,0.018299999999999997
317,2007-09-17,Quebec,ROBERVAL--LAC-SAINT-JEAN,48.514784999999996,-72.224808,[0.0955 0.5968 0.0231 0.0171 0.2676 0.    ],0.0955,0.5968,0.0231,0.0171,0.2676,0
318,2007-09-17,Quebec,SAINT-HYACINTHE--BAGOT,45.627484,-72.940636,[0.0744 0.3747 0.0795 0.0366 0.4209 0.0139],0.07440000000000001,0.3747,0.0795,0.0366,0.42090000000000005,0.013900000000000001
319,2008-10-14,Quebec,ABITIBI--BAIE-JAMES--NUNAVIK--EEYOU,48.717724100000005,-77.91427320000001,[0.1842 0.3037 0.0821 0.0335 0.3965 0.    ],0.18420000000000003,0.3037,0.0821,0.0335,0.39649999999999996,0
320,2008-10-14,Quebec,ABITIBI--TÉMISCAMINGUE,48.717724100000005,-77.91427320000001,[0.2073 0.1893 0.095  0.0223 0.4791 0.0069],0.2073,0.1893,0.095,0.0223,0.47909999999999997,0.0069
321,2008-10-14,Quebec,AHUNTSIC,45.55930765,-73.6527016506777,[0.386  0.1036 0.0897 0.0258 0.3949 0.    ],0.386,0.1036,0.0897,0.0258,0.39490000000000003,0
322,2008-10-14,Quebec,ALFRED-PELLAN,46.809689399999996,-71.1589382,[0.2927 0.1626 0.1203 0.0313 0.3883 0.0049],0.2927,0.16260000000000002,0.12029999999999999,0.0313,0.3883,0.0049
323,2008-10-14,Quebec,ARGENTEUIL--PAPINEAU--MIRABEL,45.6945241,-74.4707874,[0.1815 0.1743 0.124  0.0374 0.481  0.0018],0.1815,0.1743,0.124,0.0374,0.48100000000000004,0.0018
324,2008-10-14,Quebec,BAS-RICHELIEU--NICOLET--BÉCANCOUR,45.876807299999996,-72.8837724,[0.1628 0.1815 0.0817 0.0272 0.5467 0.    ],0.1628,0.1815,0.0817,0.027200000000000002,0.5467,0
325,2008-10-14,Quebec,BEAUCE,46.4801868,-70.988292,[0.1032 0.6241 0.0852 0.0477 0.1398 0.    ],0.1032,0.6241,0.0852,0.04769999999999999,0.1398,0
326,2008-10-14,Quebec,BEAUHARNOIS--SALABERRY,45.313977799999996,-73.875834,[0.1488 0.2021 0.1156 0.0328 0.5007 0.    ],0.14880000000000002,0.2021,0.11560000000000001,0.032799999999999996,0.5007,0
327,2008-10-14,Quebec,BEAUPORT--LIMOILOU,46.8594456,-71.19324959999999,[0.1436 0.3676 0.1223 0.0278 0.3261 0.0125],0.1436,0.3676,0.1223,0.0278,0.3261,0.0125
328,2008-10-14,Quebec,BERTHIER--MASKINONGÉ,46.0886062,-73.20830409999999,[0.1844 0.2219 0.1044 0.0311 0.4583 0.    ],0.1844,0.22190000000000001,0.10439999999999999,0.0311,0.4583,0
329,2008-10-14,Quebec,BOURASSA,45.5544766,-73.66815150000001,[0.4979 0.1355 0.0799 0.0292 0.2542 0.0033],0.4979,0.1355,0.0799,0.0292,0.25420000000000004,0.0033
330,2008-10-14,Quebec,BROME--MISSISQUOI,45.189207,-72.5628566,[0.3279 0.1866 0.0905 0.0358 0.3521 0.0071],0.32789999999999997,0.1866,0.09050000000000001,0.0358,0.3521,0.0070999999999999995
331,2008-10-14,Quebec,BROSSARD--LA PRAIRIE,45.4554829,-73.46789040000002,[0.3259 0.1887 0.1271 0.031  0.3247 0.0027],0.3259,0.1887,0.12710000000000002,0.031,0.3247,0.0027
332,2008-10-14,Quebec,CHAMBLY--BORDUAS,45.447389799999996,-73.2932002,[0.1678 0.1507 0.1418 0.0388 0.5008 0.    ],0.1678,0.1507,0.1418,0.0388,0.5008,0
333,2008-10-14,Quebec,CHARLESBOURG--HAUTE-SAINT-CHARLES,46.895861100000005,-71.2910300583245,[0.1408 0.4115 0.1309 0.0246 0.2922 0.    ],0.1408,0.4115,0.1309,0.0246,0.2922,0
334,2008-10-14,Quebec,CHÂTEAUGUAY--SAINT-CONSTANT,45.3619066,-73.7524319,[0.1836 0.1786 0.1501 0.0319 0.4558 0.    ],0.18359999999999999,0.17859999999999998,0.1501,0.0319,0.4558,0
335,2008-10-14,Quebec,CHICOUTIMI--LE FJORD,48.337024799999995,-71.1235261355927,[0.1345 0.3491 0.0783 0.025  0.4131 0.    ],0.13449999999999998,0.34909999999999997,0.0783,0.025,0.4131,0
336,2008-10-14,Quebec,COMPTON--STANSTEAD,45.243228,-71.827927,[0.2253 0.1944 0.1129 0.0488 0.4186 0.    ],0.2253,0.19440000000000002,0.11289999999999999,0.048799999999999996,0.41859999999999997,0
337,2008-10-14,Quebec,DRUMMOND,45.865091299999996,-72.45271059999999,[0.1695 0.2531 0.1643 0.0252 0.3879 0.    ],0.16949999999999998,0.2531,0.1643,0.0252,0.38789999999999997,0
338,2008-10-14,Quebec,GASPÉSIE--ÎLES-DE-LA-MADELEINE,48.658055600000004,-65.75277779999999,[0.2696 0.2284 0.0698 0.0311 0.401  0.    ],0.2696,0.2284,0.0698,0.0311,0.401,0
339,2008-10-14,Quebec,GATINEAU,45.457240999999996,-75.723267,[0.2532 0.1682 0.2613 0.0258 0.2915 0.    ],0.2532,0.16820000000000002,0.2613,0.0258,0.2915,0
340,2008-10-14,Quebec,HAUTE-GASPÉSIE--LA MITIS--MATANE--MATAPÉDIA,49.2043796,-65.95885899999999,[0.356  0.1807 0.0469 0.0357 0.3753 0.0055],0.35600000000000004,0.1807,0.046900000000000004,0.035699999999999996,0.3753,0.0055000000000000005
341,2008-10-14,Quebec,HOCHELAGA,45.540386100000006,-73.5415414291866,[0.2067 0.092  0.1445 0.0426 0.4973 0.0169],0.20670000000000002,0.092,0.1445,0.0426,0.49729999999999996,0.016900000000000002
342,2008-10-14,Quebec,HONORÉ-MERCIER,45.596408600000004,-73.5354197,[0.4367 0.153  0.1011 0.028  0.2812 0.    ],0.43670000000000003,0.153,0.1011,0.027999999999999997,0.2812,0
343,2008-10-14,Quebec,HULL--AYLMER,45.437163700000006,-75.7241942,[0.3745 0.1516 0.1983 0.0528 0.2205 0.0023],0.37450000000000006,0.1516,0.19829999999999998,0.0528,0.2205,0.0023
344,2008-10-14,Quebec,JEANNE-LE BER,46.7617675,-71.31058490000001,[0.3226 0.1119 0.157  0.0478 0.3491 0.0117],0.3226,0.1119,0.157,0.0478,0.34909999999999997,0.011699999999999999
345,2008-10-14,Quebec,JOLIETTE,46.0528409,-73.4617483,[0.1452 0.1783 0.1042 0.0484 0.524  0.    ],0.1452,0.1783,0.1042,0.0484,0.524,0
346,2008-10-14,Quebec,JONQUIÈRE--ALMA,48.413538700000004,-71.25392459999999,[0.0515 0.5248 0.0488 0.     0.375  0.    ],0.051500000000000004,0.5247999999999999,0.048799999999999996,0,0.375,0
347,2008-10-14,Quebec,LA POINTE-DE-L'ÎLE,45.651111,-73.508889,[0.1599 0.1118 0.129  0.0289 0.5609 0.0094],0.15990000000000001,0.1118,0.129,0.028900000000000002,0.5609000000000001,0.0094
348,2008-10-14,Quebec,LAC-SAINT-LOUIS,45.38068955,-73.83285544040109,[0.4639 0.2351 0.1577 0.0859 0.0575 0.    ],0.4639,0.2351,0.1577,0.0859,0.0575,0
349,2008-10-14,Quebec,LASALLE--ÉMARD,45.4325141,-73.6292667,[0.406  0.1603 0.1325 0.0372 0.2447 0.0193],0.406,0.1603,0.1325,0.037200000000000004,0.2447,0.0193
350,2008-10-14,Quebec,LAURENTIDES--LABELLE,46.6070866,-75.12097820758079,[0.2668 0.1304 0.0924 0.0395 0.4708 0.    ],0.2668,0.1304,0.0924,0.0395,0.4708,0
351,2008-10-14,Quebec,LAURIER--SAINTE-MARIE,46.770621399999996,-71.28463173489459,[0.1834 0.0484 0.1711 0.0792 0.5024 0.0155],0.1834,0.0484,0.1711,0.07919999999999999,0.5024000000000001,0.015500000000000002
352,2008-10-14,Quebec,LAVAL,45.60558895,-73.7344173056906,[0.281  0.1802 0.1246 0.0318 0.378  0.0044],0.281,0.1802,0.1246,0.0318,0.37799999999999995,0.0044
353,2008-10-14,Quebec,LAVAL--LES ÎLES,45.60558895,-73.7344173056906,[0.4045 0.2063 0.1147 0.0328 0.2355 0.0063],0.4045,0.20629999999999998,0.11470000000000001,0.032799999999999996,0.23550000000000001,0.0063
354,2008-10-14,Quebec,LÉVIS--BELLECHASSE,46.7910096,-71.17532740000001,[0.1506 0.459  0.1084 0.0254 0.2546 0.0021],0.1506,0.45899999999999996,0.1084,0.0254,0.2546,0.0021
355,2008-10-14,Quebec,LONGUEUIL--PIERRE-BOUCHER,45.5172382,-73.44674659999998,[0.2179 0.1438 0.1401 0.035  0.4612 0.0021],0.21789999999999998,0.1438,0.1401,0.035,0.4612,0.0021
356,2008-10-14,Quebec,LOTBINIÈRE--CHUTES-DE-LA-CHAUDIÈRE,46.5473036,-71.52394509999999,[0.1254 0.4727 0.1318 0.0244 0.2458 0.    ],0.12539999999999998,0.4727,0.1318,0.024399999999999998,0.2458,0
357,2008-10-14,Quebec,LOUIS-HÉBERT,45.5455196,-73.59288215010329,[0.2359 0.2821 0.0933 0.0243 0.3623 0.0021],0.2359,0.2821,0.0933,0.024300000000000002,0.36229999999999996,0.0021
358,2008-10-14,Quebec,LOUIS-SAINT-LAURENT,46.8259601,-71.23522259999999,[0.1336 0.4714 0.1045 0.0251 0.2653 0.    ],0.1336,0.4714,0.1045,0.025099999999999997,0.26530000000000004,0
359,2008-10-14,Quebec,MANICOUAGAN,50.43566920000001,-68.7676678,[0.1529 0.2703 0.0481 0.0359 0.4929 0.    ],0.15289999999999998,0.2703,0.0481,0.0359,0.4929,0
360,2008-10-14,Quebec,MARC-AURÈLE-FORTIN,45.6333698,-73.5915079668334,[0.2446 0.1382 0.1231 0.0388 0.4553 0.    ],0.2446,0.1382,0.1231,0.0388,0.45530000000000004,0
361,2008-10-14,Quebec,MÉGANTIC--L'ÉRABLE,45.449481799999994,-71.15216663749258,[0.1396 0.467  0.0946 0.0216 0.2772 0.    ],0.1396,0.467,0.0946,0.0216,0.2772,0
362,2008-10-14,Quebec,MONTCALM,45.9235706,-73.6530537,[0.1393 0.1345 0.1385 0.0308 0.5569 0.    ],0.1393,0.13449999999999998,0.13849999999999998,0.0308,0.5569,0
363,2008-10-14,Quebec,MONTMAGNY--L’ISLET--KAMOURASKA--RIVIÈRE-DU-LOUP,46.9826328,-70.555916,[0.1535 0.3064 0.0545 0.022  0.4603 0.0033],0.1535,0.3064,0.0545,0.022000000000000002,0.4603,0.0033
364,2008-10-14,Quebec,MONTMORENCY--CHARLEVOIX--HAUTE-CÔTE-NORD,45.558285600000005,-73.7215259,[0.1338 0.2735 0.0773 0.0266 0.4888 0.    ],0.1338,0.2735,0.07730000000000001,0.026600000000000002,0.4888,0
365,2008-10-14,Quebec,MOUNT ROYAL,45.5086157,-73.5903112,[0.5565 0.2733 0.0772 0.0442 0.0436 0.0052],0.5565,0.2733,0.07719999999999999,0.044199999999999996,0.0436,0.0052
366,2008-10-14,Quebec,NOTRE-DAME-DE-GRÂCE--LACHINE,45.4679674,-73.6289223,[0.4462 0.1622 0.1516 0.0771 0.1589 0.004 ],0.4462,0.16219999999999998,0.1516,0.0771,0.1589,0.004
367,2008-10-14,Quebec,OUTREMONT,45.5186167,-73.6068856,[0.3308 0.1053 0.3953 0.0431 0.1255 0.    ],0.3308,0.10529999999999999,0.3953,0.0431,0.1255,0
368,2008-10-14,Quebec,PAPINEAU,45.852553,-75.1414806,[0.4147 0.0763 0.0874 0.0284 0.3869 0.0062],0.4147,0.07629999999999999,0.0874,0.028399999999999998,0.38689999999999997,0.0062
369,2008-10-14,Quebec,PIERREFONDS--DOLLARD,45.4955083,-73.84717490000001,[0.4694 0.2583 0.1055 0.0691 0.0953 0.0024],0.4694,0.2583,0.10550000000000001,0.0691,0.0953,0.0024
370,2008-10-14,Quebec,PONTIAC,46.5896034,-77.2781003,[0.2425 0.3271 0.1543 0.0501 0.2234 0.0026],0.2425,0.3271,0.1543,0.0501,0.2234,0.0026
371,2008-10-14,Quebec,PORTNEUF--JACQUES-CARTIER,46.9943379,-72.0055843,[0.1627 0.     0.1269 0.0323 0.3202 0.358 ],0.16269999999999998,0,0.12689999999999999,0.0323,0.32020000000000004,0.35800000000000004
372,2008-10-14,Quebec,QUÉBEC,46.8259601,-71.23522259999999,[0.1754 0.2566 0.1176 0.0327 0.4176 0.    ],0.1754,0.2566,0.1176,0.0327,0.41759999999999997,0
373,2008-10-14,Quebec,REPENTIGNY,45.7326055,-73.4528307,[0.1497 0.1398 0.1515 0.0285 0.5305 0.    ],0.1497,0.1398,0.1515,0.0285,0.5305,0
374,2008-10-14,Quebec,RICHMOND--ARTHABASKA,45.6508566,-60.853368700000004,[0.127  0.2902 0.0868 0.0257 0.4602 0.0101],0.127,0.2902,0.0868,0.025699999999999997,0.46020000000000005,0.0101
375,2008-10-14,Quebec,RIMOUSKI-NEIGETTE--TÉMISCOUATA--LES BASQUES,48.2742735,-68.509585,[0.2009 0.1827 0.1034 0.0163 0.4469 0.0498],0.2009,0.1827,0.10339999999999999,0.0163,0.44689999999999996,0.049800000000000004
376,2008-10-14,Quebec,RIVIÈRE-DES-MILLE-ÎLES,45.65688529999999,-73.76429470000001,[0.1736 0.195  0.1326 0.042  0.4568 0.    ],0.1736,0.195,0.1326,0.042,0.4568,0
377,2008-10-14,Quebec,RIVIÈRE-DU-NORD,45.8400098,-74.0026536,[0.1361 0.1445 0.1448 0.0334 0.5357 0.0055],0.1361,0.1445,0.1448,0.0334,0.5357,0.0055000000000000005
378,2008-10-14,Quebec,ROBERVAL--LAC-SAINT-JEAN,48.514784999999996,-72.224808,[0.1009 0.4354 0.0471 0.02   0.3965 0.    ],0.1009,0.4354,0.0471,0.02,0.39649999999999996,0
379,2008-10-14,Quebec,ROSEMONT--LA PETITE-PATRIE,45.5315669,-73.59740759999998,[0.1867 0.0739 0.1626 0.0459 0.52   0.0109],0.1867,0.0739,0.16260000000000002,0.045899999999999996,0.52,0.0109
380,2008-10-14,Quebec,SAINT-BRUNO--SAINT-HUBERT,48.471930799999996,-71.653028,[0.2225 0.1538 0.1354 0.0384 0.4499 0.    ],0.2225,0.15380000000000002,0.1354,0.0384,0.4499,0
381,2008-10-14,Quebec,SAINT-HYACINTHE--BAGOT,45.627484,-72.940636,[0.1386 0.2125 0.1401 0.0351 0.4736 0.    ],0.1386,0.2125,0.1401,0.0351,0.4736,0
382,2008-10-14,Quebec,SAINT-JEAN,46.920618700000006,-70.89023979999999,[0.1765 0.1737 0.1035 0.0404 0.4961 0.0097],0.1765,0.17370000000000002,0.1035,0.0404,0.4961,0.0097
383,2008-10-14,Quebec,SAINT-LAMBERT,45.5016203,-73.51029809999999,[0.285  0.1581 0.1446 0.036  0.3763 0.    ],0.285,0.15810000000000002,0.1446,0.036000000000000004,0.3763,0
384,2008-10-14,Quebec,SAINT-LAURENT--CARTIERVILLE,45.5032702,-73.7254477,[0.6172 0.1721 0.0899 0.     0.1134 0.0074],0.6172,0.1721,0.08990000000000001,0,0.1134,0.0074
385,2008-10-14,Quebec,SAINT-LÉONARD--SAINT-MICHEL,45.58671,-73.5969488,[0.5726 0.1488 0.1068 0.0281 0.1361 0.0076],0.5726,0.14880000000000002,0.10679999999999999,0.0281,0.1361,0.007600000000000001
386,2008-10-14,Quebec,SAINT-MAURICE--CHAMPLAIN,46.468841999999995,-72.531052,[0.2102 0.2389 0.0776 0.0337 0.4396 0.    ],0.2102,0.2389,0.0776,0.0337,0.4396,0
387,2008-10-14,Quebec,SHEFFORD,45.364256299999994,-72.56455754861659,[0.2138 0.1963 0.1251 0.0366 0.4282 0.    ],0.2138,0.1963,0.1251,0.0366,0.4282,0
388,2008-10-14,Quebec,SHERBROOKE,45.403271000000004,-71.889038,[0.1953 0.1636 0.1311 0.     0.5008 0.0092],0.1953,0.1636,0.1311,0,0.5008,0.0092
389,2008-10-14,Quebec,TERREBONNE--BLAINVILLE,45.7081005,-73.6515157,[0.1653 0.1397 0.1346 0.0317 0.5235 0.0052],0.1653,0.13970000000000002,0.1346,0.0317,0.5235,0.0052
390,2008-10-14,Quebec,TROIS-RIVIÈRES,46.3507999,-72.5571257,[0.182  0.2424 0.0918 0.0311 0.4527 0.    ],0.182,0.24239999999999998,0.09179999999999999,0.0311,0.45270000000000005,0
391,2008-10-14,Quebec,VAUDREUIL--SOULANGES,45.3994227,-74.0514619,[0.2133 0.2369 0.0963 0.0401 0.4134 0.    ],0.2133,0.2369,0.09630000000000001,0.0401,0.41340000000000005,0
392,2008-10-14,Quebec,VERCHÈRES--LES PATRIOTES,45.7727845,-73.35544200000001,[0.1634 0.1426 0.1545 0.0309 0.5085 0.    ],0.1634,0.1426,0.1545,0.030899999999999997,0.5085000000000001,0
393,2008-10-14,Quebec,WESTMOUNT--VILLE-MARIE,45.485732899999995,-73.5963951,[0.4647 0.1581 0.2293 0.0704 0.0726 0.005 ],0.4647,0.15810000000000002,0.2293,0.0704,0.0726,0.004999999999999999
394,2009-11-09,Quebec,HOCHELAGA,45.540386100000006,-73.5415414291866,[0.1434 0.1006 0.196  0.0326 0.5116 0.0157],0.1434,0.10060000000000001,0.196,0.0326,0.5115999999999999,0.015700000000000002
395,2009-11-09,Quebec,MONTMAGNY--L’ISLET--KAMOURASKA--RIVIÈRE-DU-LOUP,46.9826328,-70.555916,[0.1322 0.4267 0.0478 0.0166 0.3767 0.    ],0.1322,0.4267,0.0478,0.0166,0.37670000000000003,0
